{"cameraMode":{"drawMode":0,"name":"Shaded","section":"Shading Mode"},"sceneLighting":false,"audioPlay":false,"sceneViewState":{"m_AlwaysRefresh":false,"showFog":true,"showSkybox":false,"showFlares":true,"showImageEffects":true,"showParticleSystems":true,"showVisualEffectGraphs":true,"m_FxEnabled":true},"in2DMode":false,"pivot":{"x":494.25640869140627,"y":423.1786804199219,"z":-136.44432067871095},"rotation":{"x":0.17759107053279878,"y":-0.5859232544898987,"z":0.12795808911323548,"w":0.7792503237724304},"size":22.934858322143556,"orthographic":false}