{"cameraMode":{"drawMode":0,"name":"Shaded","section":"Shading Mode"},"sceneLighting":false,"audioPlay":false,"sceneViewState":{"m_AlwaysRefresh":false,"showFog":true,"showSkybox":false,"showFlares":true,"showImageEffects":true,"showParticleSystems":true,"showVisualEffectGraphs":true,"m_FxEnabled":false},"in2DMode":false,"pivot":{"x":-2.16654372215271,"y":-4.744190216064453,"z":-0.07076048851013184},"rotation":{"x":-0.6883037090301514,"y":-0.0016286978498101235,"z":0.007061272859573364,"w":-0.7243553400039673},"size":28.365976333618165,"orthographic":false}