{"cameraMode":{"drawMode":0,"name":"Shaded","section":"Shading Mode"},"sceneLighting":false,"audioPlay":false,"sceneViewState":{"m_AlwaysRefresh":false,"showFog":true,"showSkybox":false,"showFlares":true,"showImageEffects":true,"showParticleSystems":true,"showVisualEffectGraphs":true,"m_FxEnabled":false},"in2DMode":false,"pivot":{"x":717.5796508789063,"y":-302.54351806640627,"z":89.79791259765625},"rotation":{"x":0.06226019188761711,"y":0.012484411709010601,"z":-0.00746943661943078,"w":0.9977705478668213},"size":232.40103149414063,"orthographic":false}