{"cameraMode":{"drawMode":0,"name":"Shaded","section":"Shading Mode"},"sceneLighting":false,"audioPlay":false,"sceneViewState":{"m_AlwaysRefresh":false,"showFog":true,"showSkybox":false,"showFlares":true,"showImageEffects":true,"showParticleSystems":true,"showVisualEffectGraphs":true,"m_FxEnabled":false},"in2DMode":false,"pivot":{"x":106.83638763427735,"y":269.8768310546875,"z":-22.366315841674806},"rotation":{"x":-0.008326515555381775,"y":-0.021062882617115976,"z":0.003638745751231909,"w":-0.9990118145942688},"size":47.42967987060547,"orthographic":false}