{"cameraMode":{"drawMode":0,"name":"Shaded","section":"Shading Mode"},"sceneLighting":false,"audioPlay":false,"sceneViewState":{"m_AlwaysRefresh":false,"showFog":true,"showSkybox":false,"showFlares":true,"showImageEffects":true,"showParticleSystems":true,"showVisualEffectGraphs":true,"m_FxEnabled":false},"in2DMode":false,"pivot":{"x":558.1477661132813,"y":114.10184478759766,"z":-45.325828552246097},"rotation":{"x":-0.12191584706306458,"y":-0.025290152058005334,"z":0.00568283861503005,"w":-0.9915326833724976},"size":37.40602111816406,"orthographic":false}