{"cameraMode":{"drawMode":0,"name":"Shaded","section":"Shading Mode"},"sceneLighting":false,"audioPlay":false,"sceneViewState":{"m_AlwaysRefresh":false,"showFog":true,"showSkybox":false,"showFlares":true,"showImageEffects":true,"showParticleSystems":true,"showVisualEffectGraphs":true,"m_FxEnabled":false},"in2DMode":false,"pivot":{"x":-7.182541370391846,"y":4.759737014770508,"z":11.295391082763672},"rotation":{"x":0.7001582980155945,"y":-0.012834836728870869,"z":0.0054471190087497238,"w":0.7127721309661865},"size":9.868829727172852,"orthographic":false}