{"cameraMode":{"drawMode":0,"name":"Shaded","section":"Shading Mode"},"sceneLighting":false,"audioPlay":false,"sceneViewState":{"m_AlwaysRefresh":false,"showFog":true,"showSkybox":false,"showFlares":true,"showImageEffects":true,"showParticleSystems":true,"showVisualEffectGraphs":true,"m_FxEnabled":false},"in2DMode":false,"pivot":{"x":-18.457035064697267,"y":-53.564056396484378,"z":-3.5415899753570558},"rotation":{"x":-0.7022054195404053,"y":0.020849615335464479,"z":-0.013266229070723057,"w":-0.7104885578155518},"size":29.742284774780275,"orthographic":false}