{"cameraMode":{"drawMode":0,"name":"Shaded","section":"Shading Mode"},"sceneLighting":false,"audioPlay":false,"sceneViewState":{"m_AlwaysRefresh":false,"showFog":true,"showSkybox":false,"showFlares":true,"showImageEffects":true,"showParticleSystems":true,"showVisualEffectGraphs":true,"m_FxEnabled":false},"in2DMode":false,"pivot":{"x":-0.08138202130794525,"y":-0.014710187911987305,"z":0.0011789202690124512},"rotation":{"x":0.3556554615497589,"y":-0.03076738677918911,"z":0.005608323961496353,"w":0.9332963824272156},"size":0.26980316638946535,"orthographic":false}